url
bremen/bremen
bremen/bremerhaven
brandenburg/barnim-kreis
brandenburg/brandenburg-an-der-havel
brandenburg/cottbus
brandenburg/dahme-spreewald-kreis
brandenburg/elbe-elster-kreis
brandenburg/frankfurt-oder
brandenburg/havelland-kreis
brandenburg/m%C3%A4rkisch-oderland-kreis
brandenburg/oberhavel-kreis
brandenburg/oberspreewald-lausitz-kreis
brandenburg/oder-spree-kreis
brandenburg/ostprignitz-ruppin-kreis
brandenburg/potsdam
brandenburg/potsdam-mittelmark-kreis
brandenburg/prignitz-kreis
brandenburg/spree-nei%C3%9Fe-kreis
brandenburg/teltow-fl%C3%A4ming-kreis
brandenburg/uckermark-kreis
bayern/aichach-friedberg-kreis
bayern/alt%C3%B6tting-kreis
bayern/amberg
bayern/amberg-sulzbach-kreis
bayern/ansbach
bayern/ansbach-kreis
bayern/aschaffenburg
bayern/aschaffenburg-kreis
bayern/augsburg
bayern/augsburg-kreis
bayern/bad-kissingen-kreis
bayern/bad-t%C3%B6lz-wolfratshausen-kreis
bayern/bamberg
bayern/bamberg-kreis
bayern/bayreuth
bayern/bayreuth-kreis
bayern/berchtesgadener-land-kreis
bayern/cham-kreis
bayern/coburg
bayern/coburg-kreis
bayern/dachau-kreis
bayern/deggendorf-kreis
bayern/dillingen-an-der-donau-kreis
bayern/dingolfing-landau-kreis
bayern/donau-ries-kreis
bayern/ebersberg-kreis
bayern/eichst%C3%A4tt-kreis
bayern/erding-kreis
bayern/erlangen
bayern/erlangen-h%C3%B6chstadt-kreis
bayern/forchheim-kreis
bayern/freising-kreis
bayern/freyung-grafenau-kreis
bayern/f%C3%BCrstenfeldbruck-kreis
bayern/f%C3%BCrth
bayern/f%C3%BCrth-kreis
bayern/garmisch-partenkirchen-kreis
bayern/g%C3%BCnzburg-kreis
bayern/ha%C3%9Fberge-kreis
bayern/hof
bayern/hof-kreis
bayern/ingolstadt
bayern/kaufbeuren
bayern/kelheim-kreis
bayern/kempten-allg%C3%A4u
bayern/kitzingen-kreis
bayern/kronach-kreis
bayern/kulmbach-kreis
bayern/landsberg-am-lech-kreis
bayern/landshut
bayern/landshut-kreis
bayern/lichtenfels-kreis
bayern/lindau-bodensee-kreis
bayern/main-spessart-kreis
bayern/memmingen
bayern/miesbach-kreis
bayern/miltenberg-kreis
bayern/m%C3%BChldorf-am-inn-kreis
bayern/m%C3%BCnchen
bayern/m%C3%BCnchen-kreis
bayern/neu-ulm-kreis
bayern/neuburg-schrobenhausen-kreis
bayern/neumarkt-in-der-oberpfalz-kreis
bayern/neustadt-a.d.-aisch-bad-windsheim-kreis
bayern/n%C3%BCrnberg
bayern/n%C3%BCrnberger-land-kreis
bayern/oberallg%C3%A4u-kreis
bayern/ostallg%C3%A4u-kreis
bayern/passau
bayern/passau-kreis
bayern/pfaffenhofen-an-der-ilm-kreis
bayern/regen-kreis
bayern/regensburg
bayern/regensburg-kreis
bayern/rh%C3%B6n-grabfeld-kreis
bayern/rosenheim
bayern/rosenheim-kreis
bayern/roth-kreis
bayern/rottal-inn-kreis
bayern/schwabach
bayern/schwandorf-kreis
bayern/schweinfurt
bayern/schweinfurt-kreis
bayern/starnberg-kreis
bayern/straubing
bayern/straubing-bogen-kreis
bayern/tirschenreuth-kreis
bayern/traunstein-kreis
bayern/unterallg%C3%A4u-kreis
bayern/weiden-in-der-oberpfalz
bayern/weilheim-schongau-kreis
bayern/wei%C3%9Fenburg-gunzenhausen-kreis
bayern/wunsiedel-im-fichtelgebirge-kreis
bayern/w%C3%BCrzburg
bayern/w%C3%BCrzburg-kreis
bayern/neustadt-a.d.-waldnaab-kreis
baden-w%C3%BCrttemberg/alb-donau-kreis
baden-w%C3%BCrttemberg/baden-baden
hessen/bergstra%C3%9Fe-kreis
baden-w%C3%BCrttemberg/biberach-kreis
baden-w%C3%BCrttemberg/bodenseekreis
baden-w%C3%BCrttemberg/breisgau-hochschwarzwald-kreis
baden-w%C3%BCrttemberg/b%C3%B6blingen-kreis
baden-w%C3%BCrttemberg/calw-kreis
baden-w%C3%BCrttemberg/emmendingen-kreis
baden-w%C3%BCrttemberg/enzkreis
baden-w%C3%BCrttemberg/esslingen-kreis
baden-w%C3%BCrttemberg/freiburg-im-breisgau
baden-w%C3%BCrttemberg/freudenstadt-kreis
baden-w%C3%BCrttemberg/g%C3%B6ppingen-kreis
baden-w%C3%BCrttemberg/heidelberg
baden-w%C3%BCrttemberg/heidenheim-kreis
baden-w%C3%BCrttemberg/heilbronn
baden-w%C3%BCrttemberg/heilbronn-kreis
baden-w%C3%BCrttemberg/hohenlohekreis
baden-w%C3%BCrttemberg/karlsruhe
baden-w%C3%BCrttemberg/karlsruhe-kreis
baden-w%C3%BCrttemberg/konstanz-kreis
baden-w%C3%BCrttemberg/ludwigsburg-kreis
baden-w%C3%BCrttemberg/l%C3%B6rrach-kreis
baden-w%C3%BCrttemberg/main-tauber-kreis
baden-w%C3%BCrttemberg/mannheim
baden-w%C3%BCrttemberg/neckar-odenwald-kreis
baden-w%C3%BCrttemberg/ortenaukreis
baden-w%C3%BCrttemberg/ostalbkreis
baden-w%C3%BCrttemberg/pforzheim
baden-w%C3%BCrttemberg/rastatt-kreis
baden-w%C3%BCrttemberg/ravensburg-kreis
baden-w%C3%BCrttemberg/rems-murr-kreis
baden-w%C3%BCrttemberg/reutlingen-kreis
hessen/darmstadt
hessen/darmstadt-dieburg-kreis
hessen/frankfurt-am-main
hessen/fulda-kreis
hessen/gie%C3%9Fen-kreis
hessen/gro%C3%9F-gerau-kreis
hessen/hersfeld-rotenburg-kreis
hessen/hochtaunuskreis
hessen/kassel
hessen/kassel-kreis
hessen/lahn-dill-kreis
hessen/limburg-weilburg-kreis
hessen/main-kinzig-kreis
hessen/main-taunus-kreis
hessen/marburg-biedenkopf-kreis
hessen/odenwaldkreis
hessen/offenbach-am-main
hessen/offenbach-kreis
hessen/rheingau-taunus-kreis
hessen/schwalm-eder-kreis
hessen/vogelsbergkreis
hessen/waldeck-frankenberg-kreis
baden-w%C3%BCrttemberg/rhein-neckar-kreis
baden-w%C3%BCrttemberg/rottweil-kreis
baden-w%C3%BCrttemberg/schwarzwald-baar-kreis
baden-w%C3%BCrttemberg/schw%C3%A4bisch-hall-kreis
baden-w%C3%BCrttemberg/sigmaringen-kreis
baden-w%C3%BCrttemberg/stuttgart
baden-w%C3%BCrttemberg/tuttlingen-kreis
baden-w%C3%BCrttemberg/t%C3%BCbingen-kreis
baden-w%C3%BCrttemberg/ulm
baden-w%C3%BCrttemberg/waldshut-kreis
baden-w%C3%BCrttemberg/zollernalbkreis
hessen/werra-mei%C3%9Fner-kreis
hessen/wetteraukreis
hessen/wiesbaden
berlin/berlin/adlershof-treptow
berlin/berlin/altglienicke-treptow
berlin/berlin/biesdorf-marzahn
berlin/berlin/blankenburg-wei%C3%9Fensee
berlin/berlin/blankenfelde-pankow
berlin/berlin/bohnsdorf-treptow
berlin/berlin/britz-neuk%C3%B6lln
berlin/berlin/buch-pankow
berlin/berlin/franz%C3%B6sisch-buchholz-pankow
berlin/berlin/buckow-neuk%C3%B6lln
berlin/berlin/charlottenburg-charlottenburg
berlin/berlin/dahlem-zehlendorf
berlin/berlin/falkenberg-hohensch%C3%B6nhausen
berlin/berlin/friedenau-sch%C3%B6neberg
berlin/berlin/friedrichsfelde-lichtenberg
berlin/berlin/friedrichshagen-k%C3%B6penick
berlin/berlin/friedrichshain-friedrichshain
berlin/berlin/frohnau-reinickendorf
berlin/berlin/gatow-spandau
berlin/berlin/grunewald-wilmersdorf
berlin/berlin/gr%C3%BCnau-k%C3%B6penick
mecklenburg-vorpommern/bad-doberan-kreis
berlin/berlin/haselhorst-spandau
berlin/berlin/heiligensee-reinickendorf
berlin/berlin/heinersdorf-wei%C3%9Fensee
berlin/berlin/hellersdorf-hellersdorf
berlin/berlin/hermsdorf-reinickendorf
berlin/berlin/alt-hohensch%C3%B6nhausen-hohensch%C3%B6nhausen
berlin/berlin/johannisthal-treptow
berlin/berlin/karlshorst-lichtenberg
berlin/berlin/karow-wei%C3%9Fensee
berlin/berlin/kaulsdorf-hellersdorf
berlin/berlin/kladow-spandau
berlin/berlin/konradsh%C3%B6he-reinickendorf
berlin/berlin/kreuzberg-kreuzberg
berlin/berlin/k%C3%B6penick-k%C3%B6penick
berlin/berlin/lankwitz-steglitz
berlin/berlin/lichtenberg-lichtenberg
berlin/berlin/lichtenrade-tempelhof
berlin/berlin/lichterfelde-steglitz
berlin/berlin/l%C3%BCbars-reinickendorf
berlin/berlin/mahlsdorf-hellersdorf
berlin/berlin/malchow-hohensch%C3%B6nhausen
berlin/berlin/mariendorf-tempelhof
berlin/berlin/marienfelde-tempelhof
berlin/berlin/marzahn-marzahn
berlin/berlin/mitte-mitte
berlin/berlin/m%C3%BCggelheim-k%C3%B6penick
berlin/berlin/neuk%C3%B6lln-neuk%C3%B6lln
berlin/berlin/niedersch%C3%B6neweide-treptow
berlin/berlin/niedersch%C3%B6nhausen-pankow
berlin/berlin/nikolassee-zehlendorf
berlin/berlin/obersch%C3%B6neweide-k%C3%B6penick
berlin/berlin/pankow-pankow
mecklenburg-vorpommern/demmin-kreis
mecklenburg-vorpommern/greifswald
mecklenburg-vorpommern/g%C3%BCstrow-kreis
mecklenburg-vorpommern/ludwigslust-kreis
mecklenburg-vorpommern/mecklenburg-strelitz-kreis
mecklenburg-vorpommern/m%C3%BCritz-kreis
mecklenburg-vorpommern/neubrandenburg
mecklenburg-vorpommern/nordvorpommern-kreis
mecklenburg-vorpommern/nordwestmecklenburg-kreis
mecklenburg-vorpommern/ostvorpommern-kreis
mecklenburg-vorpommern/parchim-kreis
mecklenburg-vorpommern/rostock
berlin/berlin/prenzlauer-berg-prenzlauer-berg
berlin/berlin/rahnsdorf-k%C3%B6penick
berlin/berlin/reinickendorf-reinickendorf
berlin/berlin/rosenthal-pankow
berlin/berlin/rudow-neuk%C3%B6lln
berlin/berlin/schmargendorf-wilmersdorf
berlin/berlin/schm%C3%B6ckwitz-k%C3%B6penick
berlin/berlin/sch%C3%B6neberg-sch%C3%B6neberg
berlin/berlin/siemensstadt-spandau
berlin/berlin/spandau-spandau
berlin/berlin/staaken-spandau
berlin/berlin/steglitz-steglitz
berlin/berlin/tegel-reinickendorf
berlin/berlin/tempelhof-tempelhof
berlin/berlin/tiergarten-tiergarten
berlin/berlin/baumschulenweg-treptow
berlin/berlin/waidmannslust-reinickendorf
berlin/berlin/wannsee-zehlendorf
berlin/berlin/wedding-wedding
berlin/berlin/wei%C3%9Fensee-wei%C3%9Fensee
berlin/berlin/wilmersdorf-wilmersdorf
hamburg/hamburg/allerm%C3%B6he
mecklenburg-vorpommern/r%C3%BCgen-kreis
mecklenburg-vorpommern/schwerin
mecklenburg-vorpommern/stralsund
mecklenburg-vorpommern/uecker-randow-kreis
mecklenburg-vorpommern/wismar
berlin/berlin/wittenau-reinickendorf
berlin/berlin/zehlendorf-zehlendorf
hamburg/hamburg/alsterdorf
hamburg/hamburg/altengamme
hamburg/hamburg/wilhelmsburg
hamburg/hamburg/altona-altstadt
hamburg/hamburg/altona-nord
hamburg/hamburg/hammerbrook
hamburg/hamburg/bahrenfeld
hamburg/hamburg/barmbek-nord
hamburg/hamburg/barmbek-s%C3%BCd
hamburg/hamburg/bergedorf
hamburg/hamburg/bergstedt
berlin/berlin/treptow-treptow
berlin/berlin/neu-hohensch%C3%B6nhausen-hohensch%C3%B6nhausen
berlin/berlin/pl%C3%A4nterwald-treptow
berlin/berlin/rummelsburg-lichtenberg
berlin/berlin/wartenberg-hohensch%C3%B6nhausen
hamburg/hamburg/rahlstedt
hamburg/hamburg/billbrook
hamburg/hamburg/billstedt
hamburg/hamburg/billwerder
hamburg/hamburg/rothenburgsort
hamburg/hamburg/blankenese
hamburg/hamburg/lohbr%C3%BCgge
hamburg/hamburg/borgfelde
hamburg/hamburg/bramfeld
hamburg/hamburg/cranz
hamburg/hamburg/curslack
hamburg/hamburg/iserbrook
hamburg/hamburg/dulsberg
hamburg/hamburg/duvenstedt
hamburg/hamburg/eidelstedt
hamburg/hamburg/eilbek
hamburg/hamburg/eimsb%C3%BCttel
niedersachsen/ammerland-kreis
hamburg/hamburg/ei%C3%9Fendorf
hamburg/hamburg/eppendorf
hamburg/hamburg/farmsen-berne
hamburg/hamburg/finkenwerder
hamburg/hamburg/neugraben-fischbek
hamburg/hamburg/niendorf
hamburg/hamburg/francop
hamburg/hamburg/fuhlsb%C3%BCttel
hamburg/hamburg/gro%C3%9F-borstel
hamburg/hamburg/gro%C3%9F-flottbek
hamburg/hamburg/neuland
hamburg/hamburg/hamb.-altstadt
hamburg/hamburg/horn
hamburg/hamburg/hamm-mitte
hamburg/hamburg/hamm-nord
hamburg/hamburg/hamm-s%C3%BCd
niedersachsen/aurich-kreis
niedersachsen/braunschweig
niedersachsen/celle-kreis
niedersachsen/cloppenburg-kreis
niedersachsen/cuxhaven-kreis
niedersachsen/delmenhorst
niedersachsen/diepholz-kreis
niedersachsen/emden
niedersachsen/emsland-kreis
niedersachsen/friesland-kreis
niedersachsen/gifhorn-kreis
niedersachsen/goslar-kreis
niedersachsen/grafschaft-bentheim-kreis
niedersachsen/g%C3%B6ttingen-kreis
niedersachsen/hameln-pyrmont-kreis
niedersachsen/hannover
hamburg/hamburg/harburg
hamburg/hamburg/harvestehude
hamburg/hamburg/hausbruch
hamburg/hamburg/heimfeld
hamburg/hamburg/wandsbek
hamburg/hamburg/hoheluft-ost
hamburg/hamburg/hoheluft-west
hamburg/hamburg/hohenfelde
hamburg/hamburg/hummelsb%C3%BCttel
hamburg/hamburg/jenfeld
hamburg/hamburg/kirchwerder
hamburg/hamburg/kleiner-grasbrook
hamburg/hamburg/langenbek
hamburg/hamburg/langenhorn
hamburg/hamburg/lemsahl-mellingstedt
hamburg/hamburg/lokstedt
hamburg/hamburg/lurup
hamburg/hamburg/marienthal
hamburg/hamburg/marmstorf
hamburg/hamburg/neustadt
niedersachsen/hannover-kreis
niedersachsen/harburg-kreis
niedersachsen/helmstedt-kreis
niedersachsen/hildesheim-kreis
niedersachsen/holzminden-kreis
niedersachsen/leer-kreis
niedersachsen/l%C3%BCchow-dannenberg-kreis
niedersachsen/l%C3%BCneburg-kreis
niedersachsen/nienburg-weser-kreis
niedersachsen/northeim-kreis
niedersachsen/oldenburg-oldenburg
niedersachsen/oldenburg-kreis
niedersachsen/osnabr%C3%BCck
niedersachsen/osnabr%C3%BCck-kreis
niedersachsen/osterholz-kreis
niedersachsen/osterode-am-harz-kreis
niedersachsen/peine-kreis
niedersachsen/rotenburg-w%C3%BCmme-kreis
niedersachsen/salzgitter
niedersachsen/schaumburg-kreis
niedersachsen/soltau-fallingbostel-kreis
niedersachsen/stade-kreis
niedersachsen/uelzen-kreis
niedersachsen/vechta-kreis
niedersachsen/verden-kreis
niedersachsen/wesermarsch-kreis
niedersachsen/wilhelmshaven
hamburg/hamburg/moorfleet
hamburg/hamburg/neuenfelde
hamburg/hamburg/neuengamme
hamburg/hamburg/nienstedten
hamburg/hamburg/ochsenwerder
hamburg/hamburg/ohlsdorf
hamburg/hamburg/osdorf
hamburg/hamburg/othmarschen
hamburg/hamburg/ottensen
hamburg/hamburg/poppenb%C3%BCttel
hamburg/hamburg/reitbrook
hamburg/hamburg/rissen
hamburg/hamburg/rotherbaum
hamburg/hamburg/r%C3%B6nneburg
hamburg/hamburg/sasel
hamburg/hamburg/schnelsen
hamburg/hamburg/sinstorf
hamburg/hamburg/spadenland
hamburg/hamburg/st.-pauli
hamburg/hamburg/steilshoop
hamburg/hamburg/stellingen
hamburg/hamburg/s%C3%BClldorf
hamburg/hamburg/tonndorf
hamburg/hamburg/uhlenhorst
hamburg/hamburg/veddel
hamburg/hamburg/volksdorf
hamburg/hamburg/altenwerder
hamburg/hamburg/wellingsb%C3%BCttel
hamburg/hamburg/wilstorf
hamburg/hamburg/winterhude
saarland/merzig-wadern-kreis
niedersachsen/wittmund-kreis
niedersachsen/wolfenb%C3%BCttel-kreis
niedersachsen/wolfsburg
hamburg/hamburg/wohldorf-ohlstedt
hamburg/hamburg/gut-moor
hamburg/hamburg/moorburg
hamburg/hamburg/st.-georg
hamburg/hamburg/steinwerder
hamburg/hamburg/tatenberg
hamburg/hamburg/waltershof
hamburg/hamburg/hafencity
hamburg/hamburg/sternschanze
hamburg/hamburg/neuwerk
saarland/neunkirchen-kreis
saarland/saarlouis-kreis
saarland/saarpfalz-kreis
saarland/sankt-wendel-kreis
saarland/stadtverband-saarbr%C3%BCcken-kreis
rheinland-pfalz/ahrweiler-kreis
rheinland-pfalz/altenkirchen-westerwald-kreis
rheinland-pfalz/alzey-worms-kreis
rheinland-pfalz/bad-d%C3%BCrkheim-kreis
rheinland-pfalz/bad-kreuznach-kreis
rheinland-pfalz/bernkastel-wittlich-kreis
rheinland-pfalz/birkenfeld-kreis
rheinland-pfalz/bitburg-pr%C3%BCm-kreis
rheinland-pfalz/cochem-zell-kreis
rheinland-pfalz/vulkaneifel-kreis
rheinland-pfalz/donnersbergkreis
rheinland-pfalz/frankenthal-pfalz
rheinland-pfalz/germersheim-kreis
rheinland-pfalz/kaiserslautern
rheinland-pfalz/kaiserslautern-kreis
rheinland-pfalz/koblenz
rheinland-pfalz/kusel-kreis
rheinland-pfalz/landau-in-der-pfalz
rheinland-pfalz/ludwigshafen-am-rhein
rheinland-pfalz/rhein-pfalz-kreis
rheinland-pfalz/mainz
rheinland-pfalz/mainz-bingen-kreis
rheinland-pfalz/mayen-koblenz-kreis
rheinland-pfalz/neustadt-an-der-weinstra%C3%9Fe
rheinland-pfalz/neuwied-kreis
rheinland-pfalz/pirmasens
rheinland-pfalz/s%C3%BCdwestpfalz-kreis
rheinland-pfalz/rhein-hunsr%C3%BCck-kreis
rheinland-pfalz/rhein-lahn-kreis
rheinland-pfalz/speyer
rheinland-pfalz/s%C3%BCdliche-weinstra%C3%9Fe-kreis
rheinland-pfalz/trier
rheinland-pfalz/trier-saarburg-kreis
rheinland-pfalz/westerwaldkreis
rheinland-pfalz/worms
rheinland-pfalz/zweibr%C3%BCcken
sachsen/leipzig-kreis
sachsen/mittelsachsen-kreis
sachsen/nordsachsen-kreis
sachsen/bautzen-kreis
sachsen/s%C3%A4chsische-schweiz-osterzgebirge-kreis
sachsen/chemnitz
sachsen/zwickau-kreis
sachsen/dresden
sachsen/g%C3%B6rlitz
sachsen/hoyerswerda
sachsen/leipzig
sachsen/mei%C3%9Fen-kreis
sachsen/plauen
sachsen/vogtlandkreis
sachsen/zwickau
sachsen/erzgebirgskreis
sachsen/g%C3%B6rlitz-kreis
nordrhein-westfalen/aachen
nordrhein-westfalen/aachen-kreis
nordrhein-westfalen/bielefeld
nordrhein-westfalen/bochum
nordrhein-westfalen/bonn
nordrhein-westfalen/borken-kreis
nordrhein-westfalen/bottrop
nordrhein-westfalen/coesfeld-kreis
nordrhein-westfalen/dortmund
nordrhein-westfalen/duisburg
nordrhein-westfalen/d%C3%BCren-kreis
nordrhein-westfalen/d%C3%BCsseldorf
nordrhein-westfalen/ennepe-ruhr-kreis
nordrhein-westfalen/rhein-erft-kreis
nordrhein-westfalen/essen
nordrhein-westfalen/euskirchen-kreis
nordrhein-westfalen/gelsenkirchen
nordrhein-westfalen/g%C3%BCtersloh-kreis
nordrhein-westfalen/hagen
nordrhein-westfalen/hamm
nordrhein-westfalen/heinsberg-kreis
nordrhein-westfalen/herford-kreis
nordrhein-westfalen/herne
nordrhein-westfalen/hochsauerlandkreis
nordrhein-westfalen/h%C3%B6xter-kreis
nordrhein-westfalen/kleve-kreis
nordrhein-westfalen/krefeld
nordrhein-westfalen/k%C3%B6ln
nordrhein-westfalen/leverkusen
nordrhein-westfalen/lippe-kreis
nordrhein-westfalen/mettmann-kreis
nordrhein-westfalen/minden-l%C3%BCbbecke-kreis
nordrhein-westfalen/m%C3%A4rkischer-kreis
nordrhein-westfalen/m%C3%B6nchengladbach
nordrhein-westfalen/m%C3%BClheim-an-der-ruhr
nordrhein-westfalen/m%C3%BCnster
nordrhein-westfalen/neuss-rhein-kreis
nordrhein-westfalen/oberbergischer-kreis
nordrhein-westfalen/oberhausen
nordrhein-westfalen/olpe-kreis
nordrhein-westfalen/paderborn-kreis
nordrhein-westfalen/recklinghausen-kreis
nordrhein-westfalen/remscheid
nordrhein-westfalen/rhein-sieg-kreis
nordrhein-westfalen/rheinisch-bergischer-kreis
nordrhein-westfalen/siegen-wittgenstein-kreis
nordrhein-westfalen/soest-kreis
nordrhein-westfalen/solingen
nordrhein-westfalen/steinfurt-kreis
nordrhein-westfalen/unna-kreis
nordrhein-westfalen/viersen-kreis
nordrhein-westfalen/warendorf-kreis
nordrhein-westfalen/wesel-kreis
nordrhein-westfalen/wuppertal
sachsen-anhalt/saalekreis
sachsen-anhalt/altmarkkreis-salzwedel-kreis
sachsen-anhalt/salzlandkreis
sachsen-anhalt/wittenberg-kreis
sachsen-anhalt/halle-saale
sachsen-anhalt/magdeburg
sachsen-anhalt/stendal-kreis
sachsen-anhalt/anhalt-bitterfeld-kreis
sachsen-anhalt/b%C3%B6rde-kreis
sachsen-anhalt/burgenlandkreis
sachsen-anhalt/dessau-ro%C3%9Flau
sachsen-anhalt/harz-kreis
sachsen-anhalt/jerichower-land-kreis
sachsen-anhalt/mansfeld-s%C3%BCdharz-kreis
schleswig-holstein/dithmarschen-kreis
schleswig-holstein/flensburg
schleswig-holstein/herzogtum-lauenburg-kreis
schleswig-holstein/kiel
schleswig-holstein/l%C3%BCbeck
schleswig-holstein/neum%C3%BCnster
schleswig-holstein/nordfriesland-kreis
schleswig-holstein/ostholstein-kreis
schleswig-holstein/pinneberg-kreis
schleswig-holstein/pl%C3%B6n-kreis
schleswig-holstein/rendsburg-eckernf%C3%B6rde-kreis
schleswig-holstein/schleswig-flensburg-kreis
schleswig-holstein/segeberg-kreis
th%C3%BCringen/altenburger-land-kreis
schleswig-holstein/steinburg-kreis
schleswig-holstein/stormarn-kreis
th%C3%BCringen/eichsfeld-kreis
th%C3%BCringen/erfurt
th%C3%BCringen/gera
th%C3%BCringen/gotha-kreis
th%C3%BCringen/greiz-kreis
th%C3%BCringen/hildburghausen-kreis
th%C3%BCringen/ilm-kreis
th%C3%BCringen/jena
th%C3%BCringen/kyffh%C3%A4userkreis
th%C3%BCringen/nordhausen-kreis
th%C3%BCringen/saale-holzland-kreis
th%C3%BCringen/saale-orla-kreis
th%C3%BCringen/saalfeld-rudolstadt-kreis
th%C3%BCringen/schmalkalden-meiningen-kreis
th%C3%BCringen/sonneberg-kreis
th%C3%BCringen/suhl
th%C3%BCringen/s%C3%B6mmerda-kreis
th%C3%BCringen/unstrut-hainich-kreis
th%C3%BCringen/wartburgkreis
th%C3%BCringen/weimar
th%C3%BCringen/weimarer-land-kreis
th%C3%BCringen/eisenach
